{
  "themes": [
    {
      "id": 1,
      "name": "Winter",
      "properties": [
        {
          "name": "bg",
          "value": [
            {
              "name": "base",
              "value": "255,255,255"
            },
            {
              "name": "muted",
              "value": "230,230,230"
            },
            {
              "name": "inverted",
              "value": "29, 22, 29"
            },
            {
              "name": "accent",
              "value": "171,171,171"
            },
            {
              "name": "primary",
              "value": "0,191,242"
            },
            {
              "name": "secondary",
              "value": "232,232,232"
            },
            {
              "name": "info",
              "value": "70, 156, 241"
            },
            {
              "name": "success",
              "value": "36, 188, 107"
            },
            {
              "name": "warning",
              "value": "241, 138, 34"
            },
            {
              "name": "error",
              "value": "241, 34, 96"
            }
          ]
        },
        {
          "name": "text",
          "value": [
            {
              "name": "base",
              "value": "54,54,54"
            },
            {
              "name": "muted",
              "value": "173,173,173"
            },
            {
              "name": "inverted",
              "value": "255,255,255"
            },
            {
              "name": "accent",
              "value": "59,59,59"
            },
            {
              "name": "primary",
              "value": "0,191,242"
            },
            {
              "name": "secondary",
              "value": "25,119,159"
            },
            {
              "name": "info",
              "value": "0, 31, 61"
            },
            {
              "name": "success",
              "value": "61,194,121"
            },
            {
              "name": "warning",
              "value": "56, 28, 0"
            },
            {
              "name": "error",
              "value": "241, 34, 96"
            }
          ]
        },
        {
          "name": "border",
          "value": [
            {
              "name": "base",
              "value": "51, 51, 51"
            },
            {
              "name": "muted",
              "value": "224,224,224"
            },
            {
              "name": "inverted",
              "value": "219,219,219"
            },
            {
              "name": "accent",
              "value": "179,179,179"
            },
            {
              "name": "primary",
              "value": "0,191,242"
            },
            {
              "name": "secondary",
              "value": "4, 70, 98"
            },
            {
              "name": "info",
              "value": "70, 156, 241"
            },
            {
              "name": "success",
              "value": "36, 188, 107"
            },
            {
              "name": "warning",
              "value": "241, 138, 34"
            },
            {
              "name": "error",
              "value": "241, 34, 96"
            }
          ]
        },
        {
          "name": "ring",
          "value": [
            {
              "name": "base",
              "value": "51, 51, 51"
            },
            {
              "name": "muted",
              "value": "204, 204, 204"
            },
            {
              "name": "inverted",
              "value": "237,237,237"
            },
            {
              "name": "accent",
              "value": "148,148,148"
            },
            {
              "name": "primary",
              "value": "0,191,242"
            },
            {
              "name": "secondary",
              "value": "4, 70, 98"
            },
            {
              "name": "info",
              "value": "70, 156, 241"
            },
            {
              "name": "success",
              "value": "36, 188, 107"
            },
            {
              "name": "warning",
              "value": "241, 138, 34"
            },
            {
              "name": "error",
              "value": "241, 34, 96"
            }
          ]
        }
      ]
    },
    {
      "id": 2,
      "name": "Halloween",
      "properties": [
        {
          "name": "bg",
          "value": [
            {
              "name": "base",
              "value": "63, 59, 68"
            },
            {
              "name": "muted",
              "value": "96, 90, 104"
            },
            {
              "name": "inverted",
              "value": "255,255,255"
            },
            {
              "name": "accent",
              "value": "183, 67, 56"
            },
            {
              "name": "primary",
              "value": "92,147,146"
            },
            {
              "name": "secondary",
              "value": "44,41,46"
            },
            {
              "name": "info",
              "value": "94, 121, 212"
            },
            {
              "name": "success",
              "value": "103,188,120"
            },
            {
              "name": "warning",
              "value": "197, 141, 13"
            },
            {
              "name": "error",
              "value": "246, 76, 115"
            }
          ]
        },
        {
          "name": "text",
          "value": [
            {
              "name": "base",
              "value": "230,230,230"
            },
            {
              "name": "muted",
              "value": "114, 114, 114"
            },
            {
              "name": "inverted",
              "value": "252,252,252"
            },
            {
              "name": "accent",
              "value": "183,67,56"
            },
            {
              "name": "primary",
              "value": "92,147,146"
            },
            {
              "name": "secondary",
              "value": "44,41,46"
            },
            {
              "name": "info",
              "value": "214, 224, 255"
            },
            {
              "name": "success",
              "value": "103,188,120"
            },
            {
              "name": "warning",
              "value": "197,141,13"
            },
            {
              "name": "error",
              "value": "246, 76, 115"
            }
          ]
        },
        {
          "name": "border",
          "value": [
            {
              "name": "base",
              "value": "216, 207, 227"
            },
            {
              "name": "muted",
              "value": "114, 114, 114"
            },
            {
              "name": "inverted",
              "value": "255,255,255"
            },
            {
              "name": "accent",
              "value": "183, 67, 56"
            },
            {
              "name": "primary",
              "value": "92,147,146"
            },
            {
              "name": "secondary",
              "value": "44,41,46"
            },
            {
              "name": "info",
              "value": "94, 121, 212"
            },
            {
              "name": "success",
              "value": "104, 238, 220"
            },
            {
              "name": "warning",
              "value": "197, 141, 13"
            },
            {
              "name": "error",
              "value": "246, 76, 115"
            }
          ]
        },
        {
          "name": "ring",
          "value": [
            {
              "name": "base",
              "value": "216, 207, 227"
            },
            {
              "name": "muted",
              "value": "114, 114, 114"
            },
            {
              "name": "inverted",
              "value": "255,255,255"
            },
            {
              "name": "accent",
              "value": "183, 67, 56"
            },
            {
              "name": "primary",
              "value": "92,147,146"
            },
            {
              "name": "secondary",
              "value": "44,41,46"
            },
            {
              "name": "info",
              "value": "94, 121, 212"
            },
            {
              "name": "success",
              "value": "104, 238, 220"
            },
            {
              "name": "warning",
              "value": "197, 141, 13"
            },
            {
              "name": "error",
              "value": "246, 76, 115"
            }
          ]
        }
      ]
    }
  ]
}
